,code,name
0,000001,平安银行
1,000002,万科A
2,000003,PT金田A
3,000004,国农科技
4,000005,世纪星源
5,000006,深振业A
6,000007,全新好
7,000008,神州高铁
8,000009,中国宝安
9,000010,美丽生态
10,000011,深物业A
11,000012,南玻A
12,000013,*ST石化A
13,000014,沙河股份
14,000015,PT中浩A
15,000016,深康佳A
16,000017,深中华A
17,000018,神州长城
18,000019,深深宝A
19,000020,深华发A
20,000021,深科技
21,000022,深赤湾A
22,000023,深天地A
23,000024,招商地产
24,000025,特力A
25,000026,飞亚达A
26,000027,深圳能源
27,000028,国药一致
28,000029,深深房A
29,000030,富奥股份
30,000031,中粮地产
31,000032,深桑达A
32,000033,新都退
33,000034,神州数码
34,000035,中国天楹
35,000036,华联控股
36,000037,深南电A
37,000038,深大通
38,000039,中集集团
39,000040,东旭蓝天
40,000042,中洲控股
41,000043,中航善达
42,000045,深纺织A
43,000046,泛海控股
44,000047,ST中侨
45,000048,*ST康达
46,000049,德赛电池
47,000050,深天马A
48,000055,方大集团
49,000056,皇庭国际
50,000058,深赛格
51,000059,华锦股份
52,000060,中金岭南
53,000061,农产品
54,000062,深圳华强
55,000063,中兴通讯
56,000065,北方国际
57,000066,中国长城
58,000068,华控赛格
59,000069,华侨城A
60,000070,特发信息
61,000078,海王生物
62,000088,盐田港
63,000089,深圳机场
64,000090,天健集团
65,000096,广聚能源
66,000099,中信海直
67,000100,TCL集团
68,000150,宜华健康
69,000151,中成股份
70,000153,丰原药业
71,000155,川能动力
72,000156,华数传媒
73,000157,中联重科
74,000158,常山北明
75,000159,国际实业
76,000166,申万宏源
77,000301,东方盛虹
78,000333,美的集团
79,000338,潍柴动力
80,000400,许继电气
81,000401,冀东水泥
82,000402,金融街
83,000403,振兴生化
84,000404,长虹华意
85,000405,ST鑫光
86,000406,石油大明
87,000407,胜利股份
88,000408,藏格控股
89,000409,*ST地矿
90,000410,沈阳机床
91,000411,英特集团
92,000412,ST五环
93,000413,东旭光电
94,000415,渤海租赁
95,000416,民生控股
96,000417,合肥百货
97,000418,小天鹅A
98,000419,通程控股
99,000420,吉林化纤
100,000421,南京公用
101,000422,*ST宜化
102,000423,东阿阿胶
103,000425,徐工机械
104,000426,兴业矿业
105,000428,华天酒店
106,000429,粤高速A
107,000430,张家界
108,000488,晨鸣纸业
109,000498,山东路桥
110,000501,鄂武商A
111,000502,绿景控股
112,000503,国新健康
113,000504,南华生物
114,000505,京粮控股
115,000506,中润资源
116,000507,珠海港
117,000508,琼民源A
118,000509,华塑控股
119,000510,金路集团
120,000511,烯碳退
121,000513,丽珠集团
122,000514,渝开发
123,000515,攀渝钛业
124,000516,国际医学
125,000517,荣安地产
126,000518,四环生物
127,000519,中兵红箭
128,000520,长航凤凰
129,000521,长虹美菱
130,000522,白云山A
131,000523,广州浪奇
132,000524,岭南控股
133,000525,红太阳
134,000526,紫光学大
135,000527,美的电器
136,000528,柳工
137,000529,广弘控股
138,000530,大冷股份
139,000531,穗恒运A
140,000532,华金资本
141,000533,万家乐
142,000534,万泽股份
143,000535,*ST猴王
144,000536,华映科技
145,000537,广宇发展
146,000538,云南白药
147,000539,粤电力A
148,000540,中天金融
149,000541,佛山照明
150,000542,TCL通讯
151,000543,皖能电力
152,000544,中原环保
153,000545,金浦钛业
154,000546,金圆股份
155,000547,航天发展
156,000548,湖南投资
157,000549,S湘火炬
158,000550,江铃汽车
159,000551,创元科技
160,000552,靖远煤电
161,000553,安道麦A
162,000554,泰山石油
163,000555,神州信息
164,000556,PT南洋
165,000557,西部创业
166,000558,莱茵体育
167,000559,万向钱潮
168,000560,我爱我家
169,000561,烽火电子
170,000562,宏源证券
171,000563,陕国投A
172,000564,供销大集
173,000565,渝三峡A
174,000566,海南海药
175,000567,海德股份
176,000568,泸州老窖
177,000569,长城股份
178,000570,苏常柴A
179,000571,新大洲A
180,000572,海马汽车
181,000573,粤宏远A
182,000576,广东甘化
183,000578,盐湖集团
184,000581,威孚高科
185,000582,北部湾港
186,000583,S*ST托普
187,000584,哈工智能
188,000585,*ST东电
189,000586,汇源通信
190,000587,金洲慈航
191,000588,PT粤金曼
192,000589,黔轮胎A
193,000590,启迪古汉
194,000591,太阳能
195,000592,平潭发展
196,000593,大通燃气
197,000594,国恒退
198,000595,宝塔实业
199,000596,古井贡酒
200,000597,东北制药
201,000598,兴蓉环境
202,000599,青岛双星
203,000600,建投能源
204,000601,韶能股份
205,000602,金马集团
206,000603,盛达矿业
207,000605,渤海股份
208,000606,顺利办
209,000607,华媒控股
210,000608,阳光股份
211,000609,中迪投资
212,000610,西安旅游
213,000611,天首发展
214,000612,焦作万方
215,000613,大东海A
216,000615,京汉股份
217,000616,海航投资
218,000617,中油资本
219,000618,吉林化工
220,000619,海螺型材
221,000620,新华联
222,000621,*ST比特
223,000622,恒立实业
224,000623,吉林敖东
225,000625,长安汽车
226,000626,远大控股
227,000627,天茂集团
228,000628,高新发展
229,000629,攀钢钒钛
230,000630,铜陵有色
231,000631,顺发恒业
232,000632,三木集团
233,000633,合金投资
234,000635,英力特
235,000636,风华高科
236,000637,茂化实华
237,000638,万方发展
238,000639,西王食品
239,000650,仁和药业
240,000651,格力电器
241,000652,泰达股份
242,000653,ST九州
243,000655,*ST金岭
244,000656,金科股份
245,000657,中钨高新
246,000658,ST海洋
247,000659,珠海中富
248,000660,*ST南华
249,000661,长春高新
250,000662,天夏智慧
251,000663,永安林业
252,000665,湖北广电
253,000666,经纬纺机
254,000667,美好置业
255,000668,荣丰控股
256,000669,金鸿控股
257,000670,盈方微
258,000671,阳光城
259,000672,上峰水泥
260,000673,当代东方
261,000675,ST银山
262,000676,智度股份
263,000677,恒天海龙
264,000678,襄阳轴承
265,000679,大连友谊
266,000680,山推股份
267,000681,视觉中国
268,000682,东方电子
269,000683,远兴能源
270,000685,中山公用
271,000686,东北证券
272,000687,华讯方舟
273,000688,国城矿业
274,000689,ST宏业
275,000690,宝新能源
276,000691,亚太实业
277,000692,惠天热电
278,000693,*ST华泽
279,000695,滨海能源
280,000697,炼石航空
281,000698,沈阳化工
282,000699,S*ST佳纸
283,000700,模塑科技
284,000701,厦门信达
285,000702,正虹科技
286,000703,恒逸石化
287,000705,浙江震元
288,000707,*ST双环
289,000708,大冶特钢
290,000709,河钢股份
291,000710,贝瑞基因
292,000711,京蓝科技
293,000712,锦龙股份
294,000713,丰乐种业
295,000715,中兴商业
296,000716,黑芝麻
297,000717,韶钢松山
298,000718,苏宁环球
299,000719,中原传媒
300,000720,*ST新能
301,000721,西安饮食
302,000722,湖南发展
303,000723,美锦能源
304,000725,京东方A
305,000726,鲁泰A
306,000727,华东科技
307,000728,国元证券
308,000729,燕京啤酒
309,000730,*ST环保
310,000731,四川美丰
311,000732,泰禾集团
312,000733,振华科技
313,000735,罗牛山
314,000736,中交地产
315,000737,*ST南风
316,000738,航发控制
317,000739,普洛药业
318,000748,长城信息
319,000750,国海证券
320,000751,锌业股份
321,000752,西藏发展
322,000753,漳州发展
323,000755,山西路桥
324,000756,新华制药
325,000757,浩物股份
326,000758,中色股份
327,000759,中百集团
328,000760,斯太尔
329,000761,本钢板材
330,000762,西藏矿业
331,000763,锦州石化
332,000765,*ST华信
333,000766,通化金马
334,000767,漳泽电力
335,000768,中航飞机
336,000769,*ST大菲
337,000776,广发证券
338,000777,中核科技
339,000778,新兴铸管
340,000779,三毛派神
341,000780,平庄能源
342,000782,美达股份
343,000783,长江证券
344,000785,武汉中商
345,000786,北新建材
346,000787,*ST创智
347,000788,北大医药
348,000789,万年青
349,000790,泰合健康
350,000791,甘肃电投
351,000792,盐湖股份
352,000793,华闻传媒
353,000795,英洛华
354,000796,凯撒旅游
355,000797,中国武夷
356,000798,中水渔业
357,000799,酒鬼酒
358,000800,一汽轿车
359,000801,四川九洲
360,000802,北京文化
361,000803,金宇车城
362,000805,*ST炎黄
363,000806,银河生物
364,000807,云铝股份
365,000809,铁岭新城
366,000810,创维数字
367,000811,冰轮环境
368,000812,陕西金叶
369,000813,德展健康
370,000815,美利云
371,000816,*ST慧业
372,000817,辽河油田
373,000818,航锦科技
374,000819,岳阳兴长
375,000820,神雾节能
376,000821,京山轻机
377,000822,山东海化
378,000823,超声电子
379,000825,太钢不锈
380,000826,启迪桑德
381,000827,*ST长兴
382,000828,东莞控股
383,000829,天音控股
384,000830,鲁西化工
385,000831,五矿稀土
386,000832,*ST龙涤
387,000833,粤桂股份
388,000835,长城动漫
389,000836,富通鑫茂
390,000837,秦川机床
391,000838,财信发展
392,000839,中信国安
393,000848,承德露露
394,000850,华茂股份
395,000851,高鸿股份
396,000852,石化机械
397,000856,冀东装备
398,000858,五粮液
399,000859,国风塑业
400,000860,顺鑫农业
401,000861,海印股份
402,000862,银星能源
403,000863,三湘印象
404,000866,扬子石化
405,000868,安凯客车
406,000869,张裕A
407,000875,吉电股份
408,000876,新希望
409,000877,天山股份
410,000878,云南铜业
411,000880,潍柴重机
412,000881,中广核技
413,000882,华联股份
414,000883,湖北能源
415,000885,城发环境
416,000886,海南高速
417,000887,中鼎股份
418,000888,峨眉山A
419,000889,中嘉博创
420,000890,法尔胜
421,000892,欢瑞世纪
422,000893,*ST东凌
423,000895,双汇发展
424,000897,津滨发展
425,000898,鞍钢股份
426,000899,赣能股份
427,000900,现代投资
428,000901,航天科技
429,000902,新洋丰
430,000903,云内动力
431,000905,厦门港务
432,000906,浙商中拓
433,000908,景峰医药
434,000909,数源科技
435,000910,大亚圣象
436,000911,南宁糖业
437,000912,*ST天化
438,000913,钱江摩托
439,000915,山大华特
440,000916,华北高速
441,000917,电广传媒
442,000918,嘉凯城
443,000919,金陵药业
444,000920,南方汇通
445,000921,海信家电
446,000922,佳电股份
447,000923,河北宣工
448,000925,众合科技
449,000926,福星股份
450,000927,一汽夏利
451,000928,中钢国际
452,000929,兰州黄河
453,000930,中粮生化
454,000931,中关村
455,000932,华菱钢铁
456,000933,神火股份
457,000935,四川双马
458,000936,华西股份
459,000937,冀中能源
460,000938,紫光股份
461,000939,*ST凯迪
462,000948,南天信息
463,000949,新乡化纤
464,000950,重药控股
465,000951,中国重汽
466,000952,广济药业
467,000953,ST河化
468,000955,欣龙控股
469,000956,中原油气
470,000957,中通客车
471,000958,东方能源
472,000959,首钢股份
473,000960,锡业股份
474,000961,中南建设
475,000962,东方钽业
476,000963,华东医药
477,000965,天保基建
478,000966,长源电力
479,000967,盈峰环境
480,000968,蓝焰控股
481,000969,安泰科技
482,000970,中科三环
483,000971,高升控股
484,000972,ST中基
485,000973,佛塑科技
486,000975,银泰资源
487,000976,华铁股份
488,000977,浪潮信息
489,000978,桂林旅游
490,000979,中弘退
491,000980,众泰汽车
492,000981,银亿股份
493,000982,*ST中绒
494,000983,西山煤电
495,000985,大庆华科
496,000987,越秀金控
497,000988,华工科技
498,000989,九芝堂
499,000990,诚志股份
500,000991,通海高科
501,000993,闽东电力
502,000995,*ST皇台
503,000996,中国中期
504,000997,新大陆
505,000998,隆平高科
506,000999,华润三九
507,001696,宗申动力
508,001872,招商港口
509,001896,豫能控股
510,001965,招商公路
511,001979,招商蛇口
512,002001,新和成
513,002002,鸿达兴业
514,002003,伟星股份
515,002004,华邦健康
516,002005,德豪润达
517,002006,精功科技
518,002007,华兰生物
519,002008,大族激光
520,002009,天奇股份
521,002010,传化智联
522,002011,盾安环境
523,002012,凯恩股份
524,002013,中航机电
525,002014,永新股份
526,002015,霞客环保
527,002016,世荣兆业
528,002017,东信和平
529,002018,*ST华信
530,002019,亿帆医药
531,002020,京新药业
532,002021,中捷资源
533,002022,科华生物
534,002023,海特高新
535,002024,苏宁易购
536,002025,航天电器
537,002026,山东威达
538,002027,分众传媒
539,002028,思源电气
540,002029,七匹狼
541,002030,达安基因
542,002031,巨轮智能
543,002032,苏泊尔
544,002033,丽江旅游
545,002034,旺能环境
546,002035,华帝股份
547,002036,联创电子
548,002037,久联发展
549,002038,双鹭药业
550,002039,黔源电力
551,002040,南京港
552,002041,登海种业
553,002042,华孚时尚
554,002043,兔宝宝
555,002044,美年健康
556,002045,国光电器
557,002046,轴研科技
558,002047,宝鹰股份
559,002048,宁波华翔
560,002049,紫光国微
561,002050,三花智控
562,002051,中工国际
563,002052,同洲电子
564,002053,云南能投
565,002054,德美化工
566,002055,得润电子
567,002056,横店东磁
568,002057,中钢天源
569,002058,威尔泰
570,002059,云南旅游
571,002060,粤水电
572,002061,浙江交科
573,002062,宏润建设
574,002063,远光软件
575,002064,华峰氨纶
576,002065,东华软件
577,002066,瑞泰科技
578,002067,景兴纸业
579,002068,黑猫股份
580,002069,獐子岛
581,002070,*ST众和
582,002071,长城影视
583,002072,凯瑞德
584,002073,软控股份
585,002074,国轩高科
586,002075,沙钢股份
587,002076,雪莱特
588,002077,大港股份
589,002078,太阳纸业
590,002079,苏州固锝
591,002080,中材科技
592,002081,金螳螂
593,002082,万邦德
594,002083,孚日股份
595,002084,海鸥住工
596,002085,万丰奥威
597,002086,东方海洋
598,002087,新野纺织
599,002088,鲁阳节能
600,002089,新海宜
601,002090,金智科技
602,002091,江苏国泰
603,002092,中泰化学
604,002093,国脉科技
605,002094,青岛金王
606,002095,生意宝
607,002096,南岭民爆
608,002097,山河智能
609,002098,浔兴股份
610,002099,海翔药业
611,002100,天康生物
612,002101,广东鸿图
613,002102,ST冠福
614,002103,广博股份
615,002104,恒宝股份
616,002105,信隆健康
617,002106,莱宝高科
618,002107,沃华医药
619,002108,沧州明珠
620,002109,兴化股份
621,002110,三钢闽光
622,002111,威海广泰
623,002112,三变科技
624,002113,天润数娱
625,002114,罗平锌电
626,002115,三维通信
627,002116,中国海诚
628,002117,东港股份
629,002118,紫鑫药业
630,002119,康强电子
631,002120,韵达股份
632,002121,科陆电子
633,002122,*ST天马
634,002123,梦网集团
635,002124,天邦股份
636,002125,湘潭电化
637,002126,银轮股份
638,002127,南极电商
639,002128,露天煤业
640,002129,中环股份
641,002130,沃尔核材
642,002131,利欧股份
643,002132,恒星科技
644,002133,广宇集团
645,002134,天津普林
646,002135,东南网架
647,002136,安纳达
648,002137,麦达数字
649,002138,顺络电子
650,002139,拓邦股份
651,002140,东华科技
652,002141,贤丰控股
653,002142,宁波银行
654,002143,印纪传媒
655,002144,宏达高科
656,002145,中核钛白
657,002146,荣盛发展
658,002147,ST新光
659,002148,北纬科技
660,002149,西部材料
661,002150,通润装备
662,002151,北斗星通
663,002152,广电运通
664,002153,石基信息
665,002154,报喜鸟
666,002155,湖南黄金
667,002156,通富微电
668,002157,正邦科技
669,002158,汉钟精机
670,002159,三特索道
671,002160,常铝股份
672,002161,远望谷
673,002162,悦心健康
674,002163,中航三鑫
675,002164,宁波东力
676,002165,红宝丽
677,002166,莱茵生物
678,002167,东方锆业
679,002168,深圳惠程
680,002169,智光电气
681,002170,芭田股份
682,002171,楚江新材
683,002172,澳洋健康
684,002173,创新医疗
685,002174,游族网络
686,002175,东方网络
687,002176,江特电机
688,002177,御银股份
689,002178,延华智能
690,002179,中航光电
691,002180,纳思达
692,002181,粤传媒
693,002182,云海金属
694,002183,怡亚通
695,002184,海得控制
696,002185,华天科技
697,002186,全聚德
698,002187,广百股份
699,002188,*ST巴士
700,002189,利达光电
701,002190,成飞集成
702,002191,劲嘉股份
703,002192,融捷股份
704,002193,如意集团
705,002194,*ST凡谷
706,002195,二三四五
707,002196,方正电机
708,002197,证通电子
709,002198,嘉应制药
710,002199,东晶电子
711,002200,云投生态
712,002201,九鼎新材
713,002202,金风科技
714,002203,海亮股份
715,002204,大连重工
716,002205,国统股份
717,002206,海利得
718,002207,ST准油
719,002208,合肥城建
720,002209,达意隆
721,002210,飞马国际
722,002211,宏达新材
723,002212,南洋股份
724,002213,特尔佳
725,002214,大立科技
726,002215,诺普信
727,002216,三全食品
728,002217,合力泰
729,002218,拓日新能
730,002219,恒康医疗
731,002220,天宝食品
732,002221,东华能源
733,002222,福晶科技
734,002223,鱼跃医疗
735,002224,三力士
736,002225,濮耐股份
737,002226,江南化工
738,002227,奥特迅
739,002228,合兴包装
740,002229,鸿博股份
741,002230,科大讯飞
742,002231,奥维通信
743,002232,启明信息
744,002233,塔牌集团
745,002234,民和股份
746,002235,安妮股份
747,002236,大华股份
748,002237,恒邦股份
749,002238,天威视讯
750,002239,奥特佳
751,002240,威华股份
752,002241,歌尔股份
753,002242,九阳股份
754,002243,通产丽星
755,002244,滨江集团
756,002245,澳洋顺昌
757,002246,北化股份
758,002247,聚力文化
759,002248,华东数控
760,002249,大洋电机
761,002250,联化科技
762,002251,步步高
763,002252,上海莱士
764,002253,川大智胜
765,002254,泰和新材
766,002255,海陆重工
767,002256,兆新股份
768,002257,立立电子
769,002258,利尔化学
770,002259,ST升达
771,002260,*ST德奥
772,002261,拓维信息
773,002262,恩华药业
774,002263,*ST东南
775,002264,新华都
776,002265,西仪股份
777,002266,浙富控股
778,002267,陕天然气
779,002268,卫士通
780,002269,美邦服饰
781,002270,华明装备
782,002271,东方雨虹
783,002272,川润股份
784,002273,水晶光电
785,002274,华昌化工
786,002275,桂林三金
787,002276,万马股份
788,002277,友阿股份
789,002278,神开股份
790,002279,久其软件
791,002280,联络互动
792,002281,光迅科技
793,002282,博深工具
794,002283,天润曲轴
795,002284,亚太股份
796,002285,世联行
797,002286,保龄宝
798,002287,奇正藏药
799,002288,超华科技
800,002289,宇顺电子
801,002290,中科新材
802,002291,星期六
803,002292,奥飞娱乐
804,002293,罗莱生活
805,002294,信立泰
806,002295,精艺股份
807,002296,辉煌科技
808,002297,博云新材
809,002298,中电兴发
810,002299,圣农发展
811,002300,太阳电缆
812,002301,齐心集团
813,002302,西部建设
814,002303,美盈森
815,002304,洋河股份
816,002305,南国置业
817,002306,*ST云网
818,002307,北新路桥
819,002308,威创股份
820,002309,中利集团
821,002310,东方园林
822,002311,海大集团
823,002312,三泰控股
824,002313,日海智能
825,002314,南山控股
826,002315,焦点科技
827,002316,亚联发展
828,002317,众生药业
829,002318,久立特材
830,002319,乐通股份
831,002320,海峡股份
832,002321,华英农业
833,002322,理工环科
834,002323,*ST百特
835,002324,普利特
836,002325,洪涛股份
837,002326,永太科技
838,002327,富安娜
839,002328,新朋股份
840,002329,皇氏集团
841,002330,得利斯
842,002331,皖通科技
843,002332,仙琚制药
844,002333,罗普斯金
845,002334,英威腾
846,002335,科华恒盛
847,002336,人人乐
848,002337,赛象科技
849,002338,奥普光电
850,002339,积成电子
851,002340,格林美
852,002341,新纶科技
853,002342,巨力索具
854,002343,慈文传媒
855,002344,海宁皮城
856,002345,潮宏基
857,002346,柘中股份
858,002347,泰尔股份
859,002348,高乐股份
860,002349,精华制药
861,002350,北京科锐
862,002351,漫步者
863,002352,顺丰控股
864,002353,杰瑞股份
865,002354,天神娱乐
866,002355,兴民智通
867,002356,赫美集团
868,002357,富临运业
869,002358,森源电气
870,002359,北讯集团
871,002360,同德化工
872,002361,神剑股份
873,002362,汉王科技
874,002363,隆基机械
875,002364,中恒电气
876,002365,永安药业
877,002366,台海核电
878,002367,康力电梯
879,002368,太极股份
880,002369,卓翼科技
881,002370,亚太药业
882,002371,北方华创
883,002372,伟星新材
884,002373,千方科技
885,002374,丽鹏股份
886,002375,亚厦股份
887,002376,新北洋
888,002377,国创高新
889,002378,章源钨业
890,002379,宏创控股
891,002380,科远股份
892,002381,双箭股份
893,002382,蓝帆医疗
894,002383,合众思壮
895,002384,东山精密
896,002385,大北农
897,002386,天原集团
898,002387,维信诺
899,002388,新亚制程
900,002389,航天彩虹
901,002390,信邦制药
902,002391,长青股份
903,002392,北京利尔
904,002393,力生制药
905,002394,联发股份
906,002395,双象股份
907,002396,星网锐捷
908,002397,梦洁股份
909,002398,建研集团
910,002399,海普瑞
911,002400,省广集团
912,002401,中远海科
913,002402,和而泰
914,002403,爱仕达
915,002404,嘉欣丝绸
916,002405,四维图新
917,002406,远东传动
918,002407,多氟多
919,002408,齐翔腾达
920,002409,雅克科技
921,002410,广联达
922,002411,延安必康
923,002412,汉森制药
924,002413,雷科防务
925,002414,高德红外
926,002415,海康威视
927,002416,爱施德
928,002417,深南股份
929,002418,康盛股份
930,002419,天虹股份
931,002420,毅昌股份
932,002421,达实智能
933,002422,科伦药业
934,002423,中原特钢
935,002424,贵州百灵
936,002425,凯撒文化
937,002426,胜利精密
938,002427,*ST尤夫
939,002428,云南锗业
940,002429,兆驰股份
941,002430,杭氧股份
942,002431,棕榈股份
943,002432,九安医疗
944,002433,太安堂
945,002434,万里扬
946,002435,长江润发
947,002436,兴森科技
948,002437,誉衡药业
949,002438,江苏神通
950,002439,启明星辰
951,002440,闰土股份
952,002441,众业达
953,002442,龙星化工
954,002443,金洲管道
955,002444,巨星科技
956,002445,ST中南
957,002446,盛路通信
958,002447,晨鑫科技
959,002448,中原内配
960,002449,国星光电
961,002450,ST康得新
962,002451,摩恩电气
963,002452,长高集团
964,002453,华软科技
965,002454,松芝股份
966,002455,百川股份
967,002456,欧菲科技
968,002457,青龙管业
969,002458,益生股份
970,002459,天业通联
971,002460,赣锋锂业
972,002461,珠江啤酒
973,002462,嘉事堂
974,002463,沪电股份
975,002464,众应互联
976,002465,海格通信
977,002466,天齐锂业
978,002467,二六三
979,002468,申通快递
980,002469,三维工程
981,002470,金正大
982,002471,中超控股
983,002472,双环传动
984,002473,*ST圣莱
985,002474,榕基软件
986,002475,立讯精密
987,002476,宝莫股份
988,002477,雏鹰农牧
989,002478,常宝股份
990,002479,富春环保
991,002480,新筑股份
992,002481,双塔食品
993,002482,广田集团
994,002483,润邦股份
995,002484,江海股份
996,002485,希努尔
997,002486,嘉麟杰
998,002487,大金重工
999,002488,金固股份
1000,002489,浙江永强
1001,002490,山东墨龙
1002,002491,通鼎互联
1003,002492,恒基达鑫
1004,002493,荣盛石化
1005,002494,华斯股份
1006,002495,佳隆股份
1007,002496,ST辉丰
1008,002497,雅化集团
1009,002498,汉缆股份
1010,002499,科林环保
1011,002500,山西证券
1012,002501,利源精制
1013,002502,骅威文化
1014,002503,搜于特
1015,002504,弘高创意
1016,002505,大康农业
1017,002506,协鑫集成
1018,002507,涪陵榨菜
1019,002508,老板电器
1020,002509,天广中茂
1021,002510,天汽模
1022,002511,中顺洁柔
1023,002512,达华智能
1024,002513,蓝丰生化
1025,002514,宝馨科技
1026,002515,金字火腿
1027,002516,旷达科技
1028,002517,恺英网络
1029,002518,科士达
1030,002519,银河电子
1031,002520,日发精机
1032,002521,齐峰新材
1033,002522,浙江众成
1034,002523,天桥起重
1035,002524,光正集团
1036,002525,胜景山河
1037,002526,山东矿机
1038,002527,新时达
1039,002528,英飞拓
1040,002529,海源复材
1041,002530,金财互联
1042,002531,天顺风能
1043,002532,新界泵业
1044,002533,金杯电工
1045,002534,杭锅股份
1046,002535,林州重机
1047,002536,西泵股份
1048,002537,海联金汇
1049,002538,司尔特
1050,002539,云图控股
1051,002540,亚太科技
1052,002541,鸿路钢构
1053,002542,中化岩土
1054,002543,万和电气
1055,002544,杰赛科技
1056,002545,东方铁塔
1057,002546,新联电子
1058,002547,春兴精工
1059,002548,金新农
1060,002549,凯美特气
1061,002550,千红制药
1062,002551,尚荣医疗
1063,002552,*ST宝鼎
1064,002553,南方轴承
1065,002554,惠博普
1066,002555,三七互娱
1067,002556,辉隆股份
1068,002557,洽洽食品
1069,002558,巨人网络
1070,002559,亚威股份
1071,002560,通达股份
1072,002561,徐家汇
1073,002562,兄弟科技
1074,002563,森马服饰
1075,002564,天沃科技
1076,002565,顺灏股份
1077,002566,益盛药业
1078,002567,唐人神
1079,002568,百润股份
1080,002569,步森股份
1081,002570,*ST因美
1082,002571,德力股份
1083,002572,索菲亚
1084,002573,清新环境
1085,002574,明牌珠宝
1086,002575,群兴玩具
1087,002576,通达动力
1088,002577,雷柏科技
1089,002578,闽发铝业
1090,002579,中京电子
1091,002580,圣阳股份
1092,002581,未名医药
1093,002582,好想你
1094,002583,海能达
1095,002584,西陇科学
1096,002585,双星新材
1097,002586,围海股份
1098,002587,奥拓电子
1099,002588,史丹利
1100,002589,瑞康医药
1101,002590,万安科技
1102,002591,恒大高新
1103,002592,八菱科技
1104,002593,日上集团
1105,002594,比亚迪
1106,002595,豪迈科技
1107,002596,海南瑞泽
1108,002597,金禾实业
1109,002598,山东章鼓
1110,002599,盛通股份
1111,002600,领益智造
1112,002601,龙蟒佰利
1113,002602,世纪华通
1114,002603,以岭药业
1115,002604,*ST龙力
1116,002605,姚记扑克
1117,002606,大连电瓷
1118,002607,亚夏汽车
1119,002608,江苏国信
1120,002609,捷顺科技
1121,002610,爱康科技
1122,002611,东方精工
1123,002612,朗姿股份
1124,002613,北玻股份
1125,002614,奥佳华
1126,002615,哈尔斯
1127,002616,长青集团
1128,002617,露笑科技
1129,002618,丹邦科技
1130,002619,艾格拉斯
1131,002620,瑞和股份
1132,002621,三垒股份
1133,002622,融钰集团
1134,002623,亚玛顿
1135,002624,完美世界
1136,002625,光启技术
1137,002626,金达威
1138,002627,宜昌交运
1139,002628,成都路桥
1140,002629,仁智股份
1141,002630,华西能源
1142,002631,德尔未来
1143,002632,道明光学
1144,002633,申科股份
1145,002634,棒杰股份
1146,002635,安洁科技
1147,002636,金安国纪
1148,002637,赞宇科技
1149,002638,勤上股份
1150,002639,雪人股份
1151,002640,跨境通
1152,002641,永高股份
1153,002642,荣之联
1154,002643,万润股份
1155,002644,佛慈制药
1156,002645,华宏科技
1157,002646,青青稞酒
1158,002647,仁东控股
1159,002648,卫星石化
1160,002649,博彦科技
1161,002650,加加食品
1162,002651,利君股份
1163,002652,扬子新材
1164,002653,海思科
1165,002654,万润科技
1166,002655,共达电声
1167,002656,摩登大道
1168,002657,中科金财
1169,002658,雪迪龙
1170,002659,凯文教育
1171,002660,茂硕电源
1172,002661,克明面业
1173,002662,京威股份
1174,002663,普邦股份
1175,002664,长鹰信质
1176,002665,首航节能
1177,002666,德联集团
1178,002667,鞍重股份
1179,002668,奥马电器
1180,002669,康达新材
1181,002670,国盛金控
1182,002671,龙泉股份
1183,002672,东江环保
1184,002673,西部证券
1185,002674,兴业科技
1186,002675,东诚药业
1187,002676,顺威股份
1188,002677,浙江美大
1189,002678,珠江钢琴
1190,002679,福建金森
1191,002680,*ST长生
1192,002681,奋达科技
1193,002682,龙洲股份
1194,002683,宏大爆破
1195,002684,猛狮科技
1196,002685,华东重机
1197,002686,亿利达
1198,002687,乔治白
1199,002688,金河生物
1200,002689,远大智能
1201,002690,美亚光电
1202,002691,冀凯股份
1203,002692,远程股份
1204,002693,双成药业
1205,002694,顾地科技
1206,002695,煌上煌
1207,002696,百洋股份
1208,002697,红旗连锁
1209,002698,博实股份
1210,002699,美盛文化
1211,002700,新疆浩源
1212,002701,奥瑞金
1213,002702,海欣食品
1214,002703,浙江世宝
1215,002705,新宝股份
1216,002706,良信电器
1217,002707,众信旅游
1218,002708,光洋股份
1219,002709,天赐材料
1220,002710,慈铭体检
1221,002711,欧浦智网
1222,002712,思美传媒
1223,002713,东易日盛
1224,002714,牧原股份
1225,002715,登云股份
1226,002716,金贵银业
1227,002717,岭南股份
1228,002718,友邦吊顶
1229,002719,麦趣尔
1230,002720,宏良股份
1231,002721,金一文化
1232,002722,金轮股份
1233,002723,金莱特
1234,002724,海洋王
1235,002725,跃岭股份
1236,002726,龙大肉食
1237,002727,一心堂
1238,002728,特一药业
1239,002729,好利来
1240,002730,电光科技
1241,002731,萃华珠宝
1242,002732,燕塘乳业
1243,002733,雄韬股份
1244,002734,利民股份
1245,002735,王子新材
1246,002736,国信证券
1247,002737,葵花药业
1248,002738,中矿资源
1249,002739,万达电影
1250,002740,爱迪尔
1251,002741,光华科技
1252,002742,三圣股份
1253,002743,富煌钢构
1254,002745,木林森
1255,002746,仙坛股份
1256,002747,埃斯顿
1257,002748,世龙实业
1258,002749,国光股份
1259,002750,龙津药业
1260,002751,易尚展示
1261,002752,N兴股份
1262,002753,永东股份
1263,002755,东方新星
1264,002756,永兴特钢
1265,002757,南兴装备
1266,002758,华通医药
1267,002759,天际股份
1268,002760,凤形股份
1269,002761,多喜爱
1270,002762,金发拉比
1271,002763,汇洁股份
1272,002765,蓝黛传动
1273,002766,索菱股份
1274,002767,先锋电子
1275,002768,国恩股份
1276,002769,普路通
1277,002770,科迪乳业
1278,002771,真视通
1279,002772,众兴菌业
1280,002773,康弘药业
1281,002774,快意电梯
1282,002775,文科园林
1283,002776,柏堡龙
1284,002777,久远银海
1285,002778,高科石化
1286,002779,中坚科技
1287,002780,三夫户外
1288,002781,奇信股份
1289,002782,可立克
1290,002783,凯龙股份
1291,002785,万里石
1292,002786,银宝山新
1293,002787,华源控股
1294,002788,鹭燕医药
1295,002789,建艺集团
1296,002790,瑞尔特
1297,002791,坚朗五金
1298,002792,通宇通讯
1299,002793,东音股份
1300,002795,永和智控
1301,002796,世嘉科技
1302,002797,第一创业
1303,002798,帝欧家居
1304,002799,环球印务
1305,002800,天顺股份
1306,002801,微光股份
1307,002802,洪汇新材
1308,002803,吉宏股份
1309,002805,丰元股份
1310,002806,华锋股份
1311,002807,江阴银行
1312,002808,恒久科技
1313,002809,红墙股份
1314,002810,山东赫达
1315,002811,亚泰国际
1316,002812,恩捷股份
1317,002813,路畅科技
1318,002815,崇达技术
1319,002816,和科达
1320,002817,黄山胶囊
1321,002818,富森美
1322,002819,东方中科
1323,002820,桂发祥
1324,002821,凯莱英
1325,002822,中装建设
1326,002823,凯中精密
1327,002824,和胜股份
1328,002825,纳尔股份
1329,002826,易明医药
1330,002827,高争民爆
1331,002828,贝肯能源
1332,002829,星网宇达
1333,002830,名雕股份
1334,002831,裕同科技
1335,002832,比音勒芬
1336,002833,弘亚数控
1337,002835,同为股份
1338,002836,新宏泽
1339,002837,英维克
1340,002838,道恩股份
1341,002839,张家港行
1342,002840,华统股份
1343,002841,视源股份
1344,002842,翔鹭钨业
1345,002843,泰嘉股份
1346,002845,同兴达
1347,002846,英联股份
1348,002847,盐津铺子
1349,002848,高斯贝尔
1350,002849,威星智能
1351,002850,科达利
1352,002851,麦格米特
1353,002852,道道全
1354,002853,皮阿诺
1355,002855,捷荣技术
1356,002856,美芝股份
1357,002857,三晖电气
1358,002858,力盛赛车
1359,002859,洁美科技
1360,002860,星帅尔
1361,002861,瀛通通讯
1362,002862,实丰文化
1363,002863,今飞凯达
1364,002864,盘龙药业
1365,002865,钧达股份
1366,002866,传艺科技
1367,002867,周大生
1368,002868,绿康生化
1369,002869,金溢科技
1370,002870,香山股份
1371,002871,伟隆股份
1372,002872,天圣制药
1373,002873,新天药业
1374,002875,安奈儿
1375,002876,三利谱
1376,002877,智能自控
1377,002878,元隆雅图
1378,002879,长缆科技
1379,002880,卫光生物
1380,002881,美格智能
1381,002882,金龙羽
1382,002883,中设股份
1383,002884,凌霄泵业
1384,002885,京泉华
1385,002886,沃特股份
1386,002887,绿茵生态
1387,002888,惠威科技
1388,002889,东方嘉盛
1389,002890,弘宇股份
1390,002891,中宠股份
1391,002892,科力尔
1392,002893,华通热力
1393,002895,川恒股份
1394,002896,中大力德
1395,002897,意华股份
1396,002898,赛隆药业
1397,002899,英派斯
1398,002900,哈三联
1399,002901,大博医疗
1400,002902,铭普光磁
1401,002903,宇环数控
1402,002905,金逸影视
1403,002906,华阳集团
1404,002907,华森制药
1405,002908,德生科技
1406,002909,集泰股份
1407,002910,庄园牧场
1408,002911,佛燃股份
1409,002912,中新赛克
1410,002913,奥士康
1411,002915,中欣氟材
1412,002916,深南电路
1413,002917,金奥博
1414,002918,蒙娜丽莎
1415,002919,名臣健康
1416,002920,德赛西威
1417,002921,联诚精密
1418,002922,伊戈尔
1419,002923,润都股份
1420,002925,盈趣科技
1421,002926,华西证券
1422,002927,泰永长征
1423,002928,华夏航空
1424,002929,润建通信
1425,002930,宏川智慧
1426,002931,锋龙股份
1427,002932,明德生物
1428,002933,新兴装备
1429,002935,天奥电子
1430,002936,郑州银行
1431,002937,兴瑞科技
1432,002938,鹏鼎控股
1433,002939,长城证券
1434,002940,昂利康
1435,002941,新疆交建
1436,002942,新农股份
1437,002943,宇晶股份
1438,002945,华林证券
1439,002946,新乳业
1440,002947,恒铭达
1441,002948,青岛银行
1442,031005,国安GAC1
1443,031007,阿胶EJC1
1444,038011,攀钢AGP1
1445,038014,钾肥JFP1
1446,038015,盐湖YHP1
1447,038016,集琦JQP1
1448,038017,深发SFP1
1449,131800,R-003
1450,131801,R-007
1451,131802,R-014
1452,131803,R-028
1453,131805,R-091
1454,131806,R-182
1455,131809,R-004
1456,131810,R-001
1457,131811,R-002
1458,131900,RC-003
1459,131901,RC-007
1460,131910,RC-001
1461,131911,RC-002
1462,150001,瑞福进取
1463,150002,大成优选
1464,150003,建信优势
1465,150006,同庆A
1466,150007,同庆B
1467,150008,瑞和小康
1468,150009,瑞和远见
1469,150010,估值优先
1470,150011,估值进取
1471,150012,中证100A
1472,150013,中证100B
1473,150016,合润A
1474,150017,合润B
1475,150018,银华稳进
1476,150019,银华锐进
1477,150020,汇利A
1478,150021,汇利B
1479,150022,深成指A
1480,150023,深成指B
1481,150025,景丰A
1482,150026,景丰B
1483,150027,添利B
1484,150028,中证500A
1485,150029,中证500B
1486,150030,中证90A
1487,150031,中证90B
1488,150032,多利优先
1489,150033,多利进取
1490,150034,聚利A
1491,150035,聚利B
1492,150036,建信稳健
1493,150037,建信进取
1494,150038,万家利B
1495,150039,鼎利A
1496,150040,鼎利B
1497,150041,天盈B
1498,150042,利鑫B
1499,150043,裕祥B
1500,150044,增利A
1501,150045,增利B
1502,150046,丰利B
1503,150047,消费A
1504,150048,消费B
1505,150049,消费收益
1506,150050,消费进取
1507,150051,沪深300A
1508,150052,沪深300B
1509,150053,泰达500A
1510,150054,泰达500B
1511,150055,500A
1512,150056,500B
1513,150057,中小300A
1514,150058,中小300B
1515,150059,资源A级
1516,150060,资源B级
1517,150061,丰泽B
1518,150062,浦银增A
1519,150063,浦银增B
1520,150064,同瑞A
1521,150065,同瑞B
1522,150066,互利A
1523,150067,互利B
1524,150068,双翼B
1525,150069,双力A
1526,150070,双力B
1527,150071,盛世A
1528,150072,盛世B
1529,150073,诺安稳健
1530,150075,诺安进取
1531,150076,浙商稳健
1532,150077,浙商进取
1533,150078,回报B
1534,150079,通利债B
1535,150080,双佳B
1536,150081,双盈B
1537,150082,信达利B
1538,150083,深证100A
1539,150084,深证100B
1540,150085,中小板A
1541,150086,中小板B
1542,150087,信用B
1543,150088,金鹰500A
1544,150089,金鹰500B
1545,150090,成长A
1546,150091,成长B
1547,150092,诺德300A
1548,150093,诺德300B
1549,150094,泰信400A
1550,150095,泰信400B
1551,150096,商品A
1552,150097,商品B
1553,150098,同庆800A
1554,150099,同庆800B
1555,150100,资源A
1556,150101,资源B
1557,150102,利众B
1558,150104,HS300A
1559,150105,HS300B
1560,150106,中小A
1561,150107,中小B
1562,150108,同辉100A
1563,150109,同辉100B
1564,150110,华商500A
1565,150111,华商500B
1566,150112,深100A
1567,150113,深100B
1568,150114,惠裕B
1569,150115,同丰B
1570,150117,房地产A
1571,150118,房地产B
1572,150120,鼎利进取
1573,150121,银河优先
1574,150122,银河进取
1575,150123,建信50A
1576,150124,建信50B
1577,150127,双增B
1578,150128,工银增B
1579,150129,丰利债B
1580,150130,医药A
1581,150131,医药B
1582,150132,元盛B
1583,150133,德信A
1584,150134,德信B
1585,150135,国富100A
1586,150136,国富100B
1587,150137,宝利B
1588,150138,中证800A
1589,150139,中证800B
1590,150140,国金300A
1591,150141,国金300B
1592,150142,互利债B
1593,150143,转债A级
1594,150144,转债B级
1595,150145,高贝塔A
1596,150146,高贝塔B
1597,150147,同利B
1598,150148,医药800A
1599,150149,医药800B
1600,150150,有色800A
1601,150151,有色800B
1602,150152,创业板A
1603,150153,创业板B
1604,150154,惠丰B
1605,150156,中银互B
1606,150157,金融A
1607,150158,金融B
1608,150160,通福B
1609,150161,惠鑫B
1610,150164,可转债A
1611,150165,可转债B
1612,150167,银华300A
1613,150168,银华300B
1614,150169,恒生A
1615,150170,恒生B
1616,150171,证券A
1617,150172,证券B
1618,150173,TMT中证A
1619,150174,TMT中ZB
1620,150175,恒中企A
1621,150176,恒中企B
1622,150177,证保A
1623,150178,证保B
1624,150179,信息A
1625,150180,信息B
1626,150181,军工A
1627,150182,军工B
1628,150184,环保A
1629,150185,环保B
1630,150186,军工A级
1631,150187,军工B级
1632,150188,转债优先
1633,150189,转债进取
1634,150190,NCF环保A
1635,150191,NCF环保B
1636,150192,地产A
1637,150193,地产B
1638,150194,互联网A
1639,150195,互联网B
1640,150196,有色A
1641,150197,有色B
1642,150198,食品A
1643,150199,食品B
1644,150200,券商A
1645,150201,券商B
1646,150203,传媒A
1647,150204,传媒B
1648,150205,国防A
1649,150206,国防B
1650,150207,地产A端
1651,150208,地产B端
1652,150209,国企改A
1653,150210,国企改B
1654,150211,新能车A
1655,150212,新能车B
1656,150213,成长A级
1657,150214,成长B级
1658,150215,TMTA
1659,150216,TMTB
1660,150217,新能源A
1661,150218,新能源B
1662,150219,健康A
1663,150220,健康B
1664,150221,中航军A
1665,150222,中航军B
1666,150223,证券A级
1667,150224,证券B级
1668,150225,证保A级
1669,150226,证保B级
1670,150227,银行A
1671,150228,银行B
1672,150229,酒A
1673,150230,酒B
1674,150231,电子A
1675,150232,电子B
1676,150233,传媒业A
1677,150234,传媒业B
1678,150235,券商A级
1679,150236,券商B级
1680,150237,环保A级
1681,150238,环保B级
1682,150241,银行A级
1683,150242,银行B级
1684,150243,创业A
1685,150244,创业B
1686,150245,互联A
1687,150246,互联B
1688,150247,传媒A级
1689,150248,传媒B级
1690,150249,银行A端
1691,150250,银行B端
1692,150251,煤炭A
1693,150252,煤炭B
1694,150255,银行业A
1695,150256,银行业B
1696,150257,生物A
1697,150258,生物B
1698,150259,重组A
1699,150260,重组B
1700,150261,医疗A
1701,150262,医疗B
1702,150263,1000A
1703,150264,1000B
1704,150265,一带A
1705,150266,一带B
1706,150267,银行A类
1707,150268,银行B类
1708,150269,白酒A
1709,150270,白酒B
1710,150271,生物药A
1711,150272,生物药B
1712,150273,带路A
1713,150274,带路B
1714,150275,一带一A
1715,150276,一带一B
1716,150277,高铁A
1717,150278,高铁B
1718,150279,新能A
1719,150280,新能B
1720,150281,金融地A
1721,150282,金融地B
1722,150283,SW医药A
1723,150284,SW医药B
1724,150287,钢铁A
1725,150288,钢铁B
1726,150289,煤炭A级
1727,150290,煤炭B级
1728,150291,银行A份
1729,150292,银行B份
1730,150293,高铁A级
1731,150294,高铁B级
1732,150295,改革A
1733,150296,改革B
1734,150297,互联A级
1735,150298,互联B级
1736,150299,银行股A
1737,150300,银行股B
1738,150301,证券股A
1739,150302,证券股B
1740,150303,创业股A
1741,150304,创业股B
1742,150305,养老A
1743,150306,养老B
1744,150307,体育A
1745,150308,体育B
1746,150309,信息安A
1747,150310,信息安B
1748,150311,智能A
1749,150312,智能B
1750,150315,工业4A
1751,150316,工业4B
1752,150317,E金融A
1753,150318,E金融B
1754,150321,煤炭A基
1755,150322,煤炭B基
1756,150323,环保A端
1757,150324,环保B端
1758,150325,高铁A端
1759,150326,高铁B端
1760,150327,新能A级
1761,150328,新能B级
1762,150329,保险A
1763,150330,保险B
1764,150331,网金融A
1765,150332,网金融B
1766,150335,军工股A
1767,150336,军工股B
1768,150343,证券A基
1769,150344,证券B基
1770,159001,保证金
1771,159003,招商快线
1772,159005,添富快钱
1773,159901,深100ETF
1774,159902,中小板
1775,159903,深成ETF
1776,159905,深红利
1777,159906,深成长
1778,159907,中小300
1779,159908,博时创业
1780,159909,深TMT
1781,159910,深F120
1782,159911,民营ETF
1783,159912,深300ETF
1784,159913,深价值
1785,159915,创业板
1786,159916,深F60
1787,159917,中小成长
1788,159918,中创400
1789,159919,300ETF
1790,159920,恒生ETF
1791,159921,中小等权
1792,159922,500ETF
1793,159923,100ETF
1794,159924,300等权
1795,159925,南方300
1796,159926,国债ETF
1797,159927,A300ETF
1798,159928,消费ETF
1799,159929,医药ETF
1800,159930,能源ETF
1801,159931,金融ETF
1802,159932,500深ETF
1803,159933,金地ETF
1804,159934,黄金ETF
1805,159935,景顺500
1806,159936,可选消费
1807,159937,博时黄金
1808,159938,广发医药
1809,159939,信息技术
1810,159940,全指金融
1811,159941,纳指ETF
1812,159942,中创100
1813,159943,深证ETF
1814,159944,全指材料
1815,159945,全指能源
1816,159946,全指消费
1817,159948,创业板EF
1818,159949,创业板50
1819,159950,深成指EF
1820,159951,中关村A
1821,159952,创业ETF
1822,159953,工业ETF
1823,159954,H股ETF
1824,159955,创业板E
1825,159956,创业板F
1826,159957,创业板HX
1827,159958,创业板ET
1828,159959,银华央企
1829,159960,恒生国企
1830,159961,深100
1831,160105,南方积配
1832,160106,南方高增
1833,160119,南方500
1834,160123,南方50债
1835,160125,南方香港
1836,160128,南方金利
1837,160130,南方永利
1838,160131,南方聚利
1839,160133,南方天元
1840,160138,国企精明
1841,160140,美国REIT
1842,160211,国泰小盘
1843,160212,国泰估值
1844,160215,国泰价值
1845,160216,国泰商品
1846,160220,国泰民益
1847,160223,创业板基
1848,160225,新汽车
1849,160311,华夏蓝筹
1850,160314,华夏行业
1851,160322,港股精选
1852,160323,华夏磐泰
1853,160324,华夏磐晟
1854,160415,华安量化
1855,160416,石油基金
1856,160421,华安智增
1857,160422,定增事件
1858,160505,博时主题
1859,160512,博时卓越
1860,160513,稳健债A
1861,160515,安丰18
1862,160518,博时睿远
1863,160519,博时睿利
1864,160520,弘盈A
1865,160522,博时睿益
1866,160607,鹏华价值
1867,160610,鹏华动力
1868,160611,鹏华治理
1869,160613,鹏华创新
1870,160615,鹏华300
1871,160616,鹏华500
1872,160617,鹏华丰润
1873,160618,鹏华丰泽
1874,160621,鹏华丰和
1875,160622,鹏华丰利
1876,160635,医药基金
1877,160642,鹏华增瑞
1878,160643,空天一体
1879,160644,互联网QD
1880,160706,嘉实300
1881,160716,嘉实50
1882,160717,恒生H股
1883,160719,嘉实黄金
1884,160720,中期企债
1885,160722,嘉实惠泽
1886,160723,嘉实原油
1887,160805,长盛同智
1888,160806,长盛同庆
1889,160807,长盛300
1890,160809,长盛同辉
1891,160810,长盛同丰
1892,160812,长盛同益
1893,160813,长盛同盛
1894,160910,大成创新
1895,160915,大成景丰
1896,160916,优选LOF
1897,160918,大成小盘
1898,160919,大成产业
1899,160921,多策略
1900,160922,恒生中小
1901,160924,恒指LOF
1902,161005,富国天惠
1903,161010,富国天丰
1904,161014,富国汇利
1905,161015,富国天盈
1906,161017,富国500
1907,161019,富国天锋
1908,161033,智能汽车
1909,161035,医药增强
1910,161036,娱乐增强
1911,161037,高端制造
1912,161038,成长量化
1913,161039,富国1000
1914,161115,易基岁丰
1915,161116,易基黄金
1916,161117,易基永旭
1917,161119,易基综债
1918,161124,香港小盘
1919,161125,标普500
1920,161126,标普医药
1921,161127,标普生物
1922,161128,标普科技
1923,161129,原油基金
1924,161130,纳指LOF
1925,161132,易基科顺
1926,161210,国投新兴
1927,161211,国投金融
1928,161213,国投消费
1929,161216,双债A
1930,161217,国投资源
1931,161219,国投产业
1932,161222,国投瑞利
1933,161224,国投丝路
1934,161225,国投瑞盈
1935,161226,白银基金
1936,161227,深证100
1937,161229,国投中国
1938,161230,丰利A类
1939,161232,国投瑞盛
1940,161233,国投瑞泰
1941,161505,银河通利
1942,161607,融通巨潮
1943,161610,融通领先
1944,161614,融通添利
1945,161626,融通通福
1946,161630,融通农业
1947,161631,人工智能
1948,161706,招商成长
1949,161713,招商信用
1950,161714,招商金砖
1951,161715,大宗商品
1952,161716,招商双债
1953,161722,招商丰泰
1954,161727,招商增荣
1955,161810,银华内需
1956,161811,银华300
1957,161813,银华信用
1958,161815,银华通胀
1959,161820,银华纯债
1960,161821,银华50A
1961,161823,银华永兴
1962,161831,恒生中企
1963,161834,银华鑫锐
1964,161835,银华惠丰
1965,161903,万家优选
1966,161907,万家红利
1967,161908,万家添利
1968,161911,万家强债
1969,162006,长城久富
1970,162105,持久增利
1971,162108,元盛债券
1972,162207,泰达效率
1973,162215,泰达聚利
1974,162307,海富100
1975,162308,海富增利
1976,162411,华宝油气
1977,162414,新机遇
1978,162415,美国消费
1979,162416,香港本地
1980,162510,国安双力
1981,162605,景顺鼎益
1982,162607,景顺资源
1983,162703,广发小盘
1984,162711,广发500L
1985,162712,广发聚利
1986,162715,广发聚源
1987,162717,再融资
1988,162718,广发鑫瑞
1989,162719,广发石油
1990,163001,长信医疗
1991,163003,长信利鑫
1992,163005,长信利众
1993,163110,申万量化
1994,163111,申万中小
1995,163112,申万债券
1996,163119,申万健康
1997,163208,诺安油气
1998,163210,诺安纯债
1999,163302,大摩资源
2000,163402,兴全趋势
2001,163407,兴全300
2002,163409,兴全绿色
2003,163412,兴全轻资
2004,163415,兴全模式
2005,163417,兴全合宜
2006,163503,天治核心
2007,163801,中银中国
2008,163819,中银信用
2009,163821,中银300E
2010,163824,中银盛利
2011,163827,中银产债
2012,163907,中海惠裕
2013,164105,华富强债
2014,164205,天弘深成
2015,164206,天弘添利
2016,164208,天弘丰利
2017,164210,天弘同利
2018,164302,新华惠鑫
2019,164403,农业精选
2020,164509,国富恒利
2021,164606,信用增利
2022,164701,添富贵金
2023,164702,添富季红
2024,164703,添富纯债
2025,164705,添富恒生
2026,164808,工银四季
2027,164810,工银纯债
2028,164812,政府债基
2029,164814,工银双债
2030,164815,原油LOF
2031,164823,深成LOF
2032,164824,印度基金
2033,164902,交银添利
2034,164906,中国互联
2035,165309,建信300
2036,165311,建信信用
2037,165313,建信优势
2038,165317,建信丰裕
2039,165508,信诚深度
2040,165509,信诚增强
2041,165510,信诚四国
2042,165512,信诚机遇
2043,165513,信诚商品
2044,165516,信诚周期
2045,165517,信诚双盈
2046,165525,基建工程
2047,165528,信诚鼎利
2048,165705,诺德双翼
2049,165806,东吴100
2050,165807,东吴鼎利
2051,166001,中欧趋势
2052,166006,中欧成长
2053,166007,中欧互通
2054,166008,中欧强债
2055,166009,中欧动力
2056,166011,中欧盛世
2057,166012,中欧信用
2058,166016,中欧纯债
2059,166023,中欧瑞丰
2060,166024,中欧恒利
2061,166105,信达鑫安
2062,166401,增利C
2063,166402,沪港深F
2064,166902,民生增利
2065,166904,民生添利
2066,167001,平安鼎泰
2067,167002,平安鼎越
2068,167003,平安鼎弘
2069,167501,安信宝利
2070,167901,华宸300
2071,168002,国寿精选
2072,168101,九泰锐智
2073,168102,九泰锐富
2074,168103,九泰锐益
2075,168104,九泰锐丰
2076,168105,九泰泰富
2077,168106,盈华A
2078,168108,九泰锐诚
2079,168301,东海祥龙
2080,168401,红土精选
2081,169101,东证睿丰
2082,169102,东证睿阳
2083,169103,东证睿轩
2084,169104,东证睿满
2085,169105,东证睿华
2086,169106,东证创优
2087,169201,浙商鼎盈
2088,184688,基金开元
2089,184689,基金普惠
2090,184690,基金同益
2091,184691,基金景宏
2092,184692,基金裕隆
2093,184693,基金普丰
2094,184695,基金景博
2095,184696,基金裕华
2096,184698,基金天元
2097,184699,基金同盛
2098,184700,基金鸿飞
2099,184701,基金景福
2100,184702,基金同智
2101,184703,基金金盛
2102,184705,基金裕泽
2103,184706,基金天华
2104,184708,基金兴科
2105,184709,基金安久
2106,184710,基金隆元
2107,184711,基金普华
2108,184712,基金科汇
2109,184713,基金科翔
2110,184718,基金兴安
2111,184719,基金融鑫
2112,184720,基金久富
2113,184721,基金丰和
2114,184722,基金久嘉
2115,184728,基金鸿阳
2116,184738,基金通宝
2117,184801,鹏华前海
2118,200002,万科B
2119,200003,PT金田B
2120,200011,深物业B
2121,200012,南玻B
2122,200013,*ST石化B
2123,200015,PT中浩B
2124,200016,深康佳B
2125,200017,深中华B
2126,200018,神州B
2127,200019,深深宝B
2128,200020,深华发B
2129,200022,深赤湾B
2130,200024,招商局B
2131,200025,特力B
2132,200026,飞亚达B
2133,200028,一致B
2134,200029,深深房B
2135,200030,富奥B
2136,200037,深南电B
2137,200039,中集B
2138,200041,*ST本实B
2139,200045,深纺织B
2140,200053,深基地B
2141,200054,建车B
2142,200055,方大B
2143,200056,皇庭B
2144,200057,*ST大洋B
2145,200058,深赛格B
2146,200152,山航B
2147,200160,东沣B
2148,200168,舜B
2149,200413,东旭B
2150,200418,小天鹅B
2151,200429,粤高速B
2152,200468,宁通信B
2153,200488,晨鸣B
2154,200505,京粮B
2155,200512,闽灿坤B
2156,200513,丽珠B
2157,200521,虹美菱B
2158,200530,大冷B
2159,200539,粤电力B
2160,200541,粤照明B
2161,200550,江铃B
2162,200553,安道麦B
2163,200570,苏常柴B
2164,200581,苏威孚B
2165,200596,古井贡B
2166,200613,大东海B
2167,200625,长安B
2168,200706,瓦轴B
2169,200725,京东方B
2170,200726,鲁泰B
2171,200761,本钢板B
2172,200770,武锅B退
2173,200771,杭汽轮B
2174,200869,张裕B
2175,200986,粤华包B
2176,200992,中鲁B
2177,201872,招港B
2178,300001,特锐德
2179,300002,神州泰岳
2180,300003,乐普医疗
2181,300004,南风股份
2182,300005,探路者
2183,300006,莱美药业
2184,300007,汉威科技
2185,300008,天海防务
2186,300009,安科生物
2187,300010,立思辰
2188,300011,鼎汉技术
2189,300012,华测检测
2190,300013,新宁物流
2191,300014,亿纬锂能
2192,300015,爱尔眼科
2193,300016,北陆药业
2194,300017,网宿科技
2195,300018,中元股份
2196,300019,硅宝科技
2197,300020,银江股份
2198,300021,大禹节水
2199,300022,吉峰科技
2200,300023,宝德股份
2201,300024,机器人
2202,300025,华星创业
2203,300026,红日药业
2204,300027,华谊兄弟
2205,300028,金亚科技
2206,300029,天龙光电
2207,300030,阳普医疗
2208,300031,宝通科技
2209,300032,金龙机电
2210,300033,同花顺
2211,300034,钢研高纳
2212,300035,中科电气
2213,300036,超图软件
2214,300037,新宙邦
2215,300038,数知科技
2216,300039,上海凯宝
2217,300040,九洲电气
2218,300041,回天新材
2219,300042,朗科科技
2220,300043,星辉娱乐
2221,300044,赛为智能
2222,300045,华力创通
2223,300046,台基股份
2224,300047,天源迪科
2225,300048,合康新能
2226,300049,福瑞股份
2227,300050,世纪鼎利
2228,300051,三五互联
2229,300052,中青宝
2230,300053,欧比特
2231,300054,鼎龙股份
2232,300055,万邦达
2233,300056,三维丝
2234,300057,万顺股份
2235,300058,蓝色光标
2236,300059,东方财富
2237,300061,康旗股份
2238,300062,中能电气
2239,300063,天龙集团
2240,300064,豫金刚石
2241,300065,海兰信
2242,300066,三川智慧
2243,300067,安诺其
2244,300068,南都电源
2245,300069,金利华电
2246,300070,碧水源
2247,300071,华谊嘉信
2248,300072,三聚环保
2249,300073,当升科技
2250,300074,华平股份
2251,300075,数字政通
2252,300076,GQY视讯
2253,300077,国民技术
2254,300078,思创医惠
2255,300079,数码科技
2256,300080,易成新能
2257,300081,恒信东方
2258,300082,奥克股份
2259,300083,劲胜智能
2260,300084,海默科技
2261,300085,银之杰
2262,300086,康芝药业
2263,300087,荃银高科
2264,300088,长信科技
2265,300089,文化长城
2266,300090,盛运环保
2267,300091,金通灵
2268,300092,科新机电
2269,300093,金刚玻璃
2270,300094,国联水产
2271,300095,华伍股份
2272,300096,易联众
2273,300097,智云股份
2274,300098,高新兴
2275,300099,精准信息
2276,300100,双林股份
2277,300101,振芯科技
2278,300102,乾照光电
2279,300103,达刚路机
2280,300104,乐视网
2281,300105,龙源技术
2282,300106,西部牧业
2283,300107,建新股份
2284,300108,吉药控股
2285,300109,新开源
2286,300110,华仁药业
2287,300111,向日葵
2288,300112,万讯自控
2289,300113,顺网科技
2290,300114,中航电测
2291,300115,长盈精密
2292,300116,坚瑞沃能
2293,300117,嘉寓股份
2294,300118,东方日升
2295,300119,瑞普生物
2296,300120,经纬辉开
2297,300121,阳谷华泰
2298,300122,智飞生物
2299,300123,亚光科技
2300,300124,汇川技术
2301,300125,易世达
2302,300126,锐奇股份
2303,300127,银河磁体
2304,300128,锦富技术
2305,300129,泰胜风能
2306,300130,新国都
2307,300131,英唐智控
2308,300132,青松股份
2309,300133,华策影视
2310,300134,大富科技
2311,300135,宝利国际
2312,300136,信维通信
2313,300137,先河环保
2314,300138,晨光生物
2315,300139,晓程科技
2316,300140,中环装备
2317,300141,和顺电气
2318,300142,沃森生物
2319,300143,星普医科
2320,300144,宋城演艺
2321,300145,中金环境
2322,300146,汤臣倍健
2323,300147,香雪制药
2324,300148,天舟文化
2325,300149,量子生物
2326,300150,世纪瑞尔
2327,300151,昌红科技
2328,300152,科融环境
2329,300153,科泰电源
2330,300154,瑞凌股份
2331,300155,安居宝
2332,300156,神雾环保
2333,300157,恒泰艾普
2334,300158,振东制药
2335,300159,新研股份
2336,300160,秀强股份
2337,300161,华中数控
2338,300162,雷曼股份
2339,300163,先锋新材
2340,300164,通源石油
2341,300165,天瑞仪器
2342,300166,东方国信
2343,300167,迪威迅
2344,300168,万达信息
2345,300169,天晟新材
2346,300170,汉得信息
2347,300171,东富龙
2348,300172,中电环保
2349,300173,智慧松德
2350,300174,元力股份
2351,300175,朗源股份
2352,300176,鸿特科技
2353,300177,中海达
2354,300178,腾邦国际
2355,300179,四方达
2356,300180,华峰超纤
2357,300181,佐力药业
2358,300182,捷成股份
2359,300183,东软载波
2360,300184,力源信息
2361,300185,通裕重工
2362,300186,大华农
2363,300187,永清环保
2364,300188,美亚柏科
2365,300189,神农基因
2366,300190,维尔利
2367,300191,潜能恒信
2368,300192,科斯伍德
2369,300193,佳士科技
2370,300194,福安药业
2371,300195,长荣股份
2372,300196,长海股份
2373,300197,铁汉生态
2374,300198,纳川股份
2375,300199,翰宇药业
2376,300200,高盟新材
2377,300201,海伦哲
2378,300202,聚龙股份
2379,300203,聚光科技
2380,300204,舒泰神
2381,300205,天喻信息
2382,300206,理邦仪器
2383,300207,欣旺达
2384,300208,恒顺众N
2385,300209,天泽信息
2386,300210,森远股份
2387,300211,亿通科技
2388,300212,易华录
2389,300213,佳讯飞鸿
2390,300214,日科化学
2391,300215,电科院
2392,300216,千山药机
2393,300217,东方电热
2394,300218,安利股份
2395,300219,鸿利智汇
2396,300220,金运激光
2397,300221,银禧科技
2398,300222,科大智能
2399,300223,北京君正
2400,300224,正海磁材
2401,300225,金力泰
2402,300226,上海钢联
2403,300227,光韵达
2404,300228,富瑞特装
2405,300229,拓尔思
2406,300230,永利股份
2407,300231,银信科技
2408,300232,洲明科技
2409,300233,金城医药
2410,300234,开尔新材
2411,300235,方直科技
2412,300236,上海新阳
2413,300237,美晨生态
2414,300238,冠昊生物
2415,300239,东宝生物
2416,300240,飞力达
2417,300241,瑞丰光电
2418,300242,佳云科技
2419,300243,瑞丰高材
2420,300244,迪安诊断
2421,300245,天玑科技
2422,300246,宝莱特
2423,300247,融捷健康
2424,300248,新开普
2425,300249,依米康
2426,300250,初灵信息
2427,300251,光线传媒
2428,300252,金信诺
2429,300253,卫宁健康
2430,300254,仟源医药
2431,300255,常山药业
2432,300256,星星科技
2433,300257,开山股份
2434,300258,精锻科技
2435,300259,新天科技
2436,300260,新莱应材
2437,300261,雅本化学
2438,300262,巴安水务
2439,300263,隆华科技
2440,300264,佳创视讯
2441,300265,通光线缆
2442,300266,兴源环境
2443,300267,尔康制药
2444,300268,佳沃股份
2445,300269,联建光电
2446,300270,中威电子
2447,300271,华宇软件
2448,300272,开能健康
2449,300273,和佳股份
2450,300274,阳光电源
2451,300275,梅安森
2452,300276,三丰智能
2453,300277,海联讯
2454,300278,华昌达
2455,300279,和晶科技
2456,300280,紫天科技
2457,300281,金明精机
2458,300282,三盛教育
2459,300283,温州宏丰
2460,300284,苏交科
2461,300285,国瓷材料
2462,300286,安科瑞
2463,300287,飞利信
2464,300288,朗玛信息
2465,300289,利德曼
2466,300290,荣科科技
2467,300291,华录百纳
2468,300292,吴通控股
2469,300293,蓝英装备
2470,300294,博雅生物
2471,300295,三六五网
2472,300296,利亚德
2473,300297,蓝盾股份
2474,300298,三诺生物
2475,300299,富春股份
2476,300300,汉鼎宇佑
2477,300301,长方集团
2478,300302,同有科技
2479,300303,聚飞光电
2480,300304,云意电气
2481,300305,裕兴股份
2482,300306,远方信息
2483,300307,慈星股份
2484,300308,中际旭创
2485,300309,吉艾科技
2486,300310,宜通世纪
2487,300311,任子行
2488,300312,邦讯技术
2489,300313,天山生物
2490,300314,戴维医疗
2491,300315,掌趣科技
2492,300316,晶盛机电
2493,300317,珈伟新能
2494,300318,博晖创新
2495,300319,麦捷科技
2496,300320,海达股份
2497,300321,同大股份
2498,300322,硕贝德
2499,300323,华灿光电
2500,300324,旋极信息
2501,300325,德威新材
2502,300326,凯利泰
2503,300327,中颖电子
2504,300328,宜安科技
2505,300329,海伦钢琴
2506,300330,华虹计通
2507,300331,苏大维格
2508,300332,天壕环境
2509,300333,兆日科技
2510,300334,津膜科技
2511,300335,迪森股份
2512,300336,新文化
2513,300337,银邦股份
2514,300338,开元股份
2515,300339,润和软件
2516,300340,科恒股份
2517,300341,麦克奥迪
2518,300342,天银机电
2519,300343,联创互联
2520,300344,太空智造
2521,300345,红宇新材
2522,300346,南大光电
2523,300347,泰格医药
2524,300348,长亮科技
2525,300349,金卡智能
2526,300350,华鹏飞
2527,300351,永贵电器
2528,300352,北信源
2529,300353,东土科技
2530,300354,东华测试
2531,300355,蒙草生态
2532,300356,光一科技
2533,300357,我武生物
2534,300358,楚天科技
2535,300359,全通教育
2536,300360,炬华科技
2537,300361,奥赛康
2538,300362,天翔环境
2539,300363,博腾股份
2540,300364,中文在线
2541,300365,恒华科技
2542,300366,创意信息
2543,300367,东方网力
2544,300368,汇金股份
2545,300369,绿盟科技
2546,300370,安控科技
2547,300371,汇中股份
2548,300372,欣泰退
2549,300373,扬杰科技
2550,300374,恒通科技
2551,300375,鹏翎股份
2552,300376,易事特
2553,300377,赢时胜
2554,300378,鼎捷软件
2555,300379,东方通
2556,300380,安硕信息
2557,300381,溢多利
2558,300382,斯莱克
2559,300383,光环新网
2560,300384,三联虹普
2561,300385,雪浪环境
2562,300386,飞天诚信
2563,300387,富邦股份
2564,300388,国祯环保
2565,300389,艾比森
2566,300390,天华超净
2567,300391,康跃科技
2568,300392,腾信股份
2569,300393,中来股份
2570,300394,天孚通信
2571,300395,菲利华
2572,300396,迪瑞医疗
2573,300397,天和防务
2574,300398,飞凯材料
2575,300399,京天利
2576,300400,劲拓股份
2577,300401,花园生物
2578,300402,宝色股份
2579,300403,汉宇集团
2580,300404,博济医药
2581,300405,科隆股份
2582,300406,九强生物
2583,300407,凯发电气
2584,300408,三环集团
2585,300409,道氏技术
2586,300410,正业科技
2587,300411,金盾股份
2588,300412,迦南科技
2589,300413,芒果超媒
2590,300414,中光防雷
2591,300415,伊之密
2592,300416,苏试试验
2593,300417,南华仪器
2594,300418,昆仑万维
2595,300419,浩丰科技
2596,300420,五洋停车
2597,300421,力星股份
2598,300422,博世科
2599,300423,鲁亿通
2600,300424,航新科技
2601,300425,环能科技
2602,300426,唐德影视
2603,300427,红相股份
2604,300428,四通新材
2605,300429,强力新材
2606,300430,诚益通
2607,300431,暴风集团
2608,300432,富临精工
2609,300433,蓝思科技
2610,300434,金石东方
2611,300435,中泰股份
2612,300436,广生堂
2613,300437,清水源
2614,300438,鹏辉能源
2615,300439,美康生物
2616,300440,运达科技
2617,300441,鲍斯股份
2618,300442,普丽盛
2619,300443,金雷风电
2620,300444,双杰电气
2621,300445,康斯特
2622,300446,乐凯新材
2623,300447,全信股份
2624,300448,浩云科技
2625,300449,汉邦高科
2626,300450,先导智能
2627,300451,创业软件
2628,300452,山河药辅
2629,300453,三鑫医疗
2630,300454,深信服
2631,300455,康拓红外
2632,300456,耐威科技
2633,300457,赢合科技
2634,300458,全志科技
2635,300459,金科文化
2636,300460,惠伦晶体
2637,300461,田中精机
2638,300462,华铭智能
2639,300463,迈克生物
2640,300464,星徽精密
2641,300465,高伟达
2642,300466,赛摩电气
2643,300467,迅游科技
2644,300468,四方精创
2645,300469,信息发展
2646,300470,日机密封
2647,300471,厚普股份
2648,300472,新元科技
2649,300473,德尔股份
2650,300474,景嘉微
2651,300475,聚隆科技
2652,300476,胜宏科技
2653,300477,合纵科技
2654,300478,杭州高新
2655,300479,神思电子
2656,300480,光力科技
2657,300481,濮阳惠成
2658,300482,万孚生物
2659,300483,沃施股份
2660,300484,蓝海华腾
2661,300485,赛升药业
2662,300486,东杰智能
2663,300487,蓝晓科技
2664,300488,恒锋工具
2665,300489,中飞股份
2666,300490,华自科技
2667,300491,通合科技
2668,300492,山鼎设计
2669,300493,润欣科技
2670,300494,盛天网络
2671,300495,美尚生态
2672,300496,中科创达
2673,300497,富祥股份
2674,300498,温氏股份
2675,300499,高澜股份
2676,300500,启迪设计
2677,300501,海顺新材
2678,300502,新易盛
2679,300503,昊志机电
2680,300504,天邑股份
2681,300505,川金诺
2682,300506,名家汇
2683,300507,苏奥传感
2684,300508,维宏股份
2685,300509,新美星
2686,300510,金冠股份
2687,300511,雪榕生物
2688,300512,中亚股份
2689,300513,恒泰实达
2690,300514,友讯达
2691,300515,三德科技
2692,300516,久之洋
2693,300517,海波重科
2694,300518,盛讯达
2695,300519,新光药业
2696,300520,科大国创
2697,300521,爱司凯
2698,300522,世名科技
2699,300523,辰安科技
2700,300525,博思软件
2701,300526,中潜股份
2702,300527,中国应急
2703,300528,幸福蓝海
2704,300529,健帆生物
2705,300530,达志科技
2706,300531,优博讯
2707,300532,今天国际
2708,300533,冰川网络
2709,300534,陇神戎发
2710,300535,达威股份
2711,300536,农尚环境
2712,300537,广信材料
2713,300538,同益股份
2714,300539,横河模具
2715,300540,深冷股份
2716,300541,先进数通
2717,300542,新晨科技
2718,300543,朗科智能
2719,300545,联得装备
2720,300546,雄帝科技
2721,300547,川环科技
2722,300548,博创科技
2723,300549,优德精密
2724,300550,和仁科技
2725,300551,古鳌科技
2726,300552,万集科技
2727,300553,集智股份
2728,300554,三超新材
2729,300555,路通视信
2730,300556,丝路视觉
2731,300557,理工光科
2732,300558,贝达药业
2733,300559,佳发教育
2734,300560,中富通
2735,300561,汇金科技
2736,300562,乐心医疗
2737,300563,神宇股份
2738,300565,科信技术
2739,300566,激智科技
2740,300567,精测电子
2741,300568,星源材质
2742,300569,天能重工
2743,300570,太辰光
2744,300571,平治信息
2745,300572,安车检测
2746,300573,兴齐眼药
2747,300575,中旗股份
2748,300576,容大感光
2749,300577,开润股份
2750,300578,会畅通讯
2751,300579,数字认证
2752,300580,贝斯特
2753,300581,晨曦航空
2754,300582,英飞特
2755,300583,赛托生物
2756,300584,海辰药业
2757,300585,奥联电子
2758,300586,美联新材
2759,300587,天铁股份
2760,300588,熙菱信息
2761,300589,江龙船艇
2762,300590,移为通信
2763,300591,万里马
2764,300592,华凯创意
2765,300593,新雷能
2766,300595,欧普康视
2767,300596,利安隆
2768,300597,吉大通信
2769,300598,诚迈科技
2770,300599,雄塑科技
2771,300600,瑞特股份
2772,300601,康泰生物
2773,300602,飞荣达
2774,300603,立昂技术
2775,300604,长川科技
2776,300605,恒锋信息
2777,300606,金太阳
2778,300607,拓斯达
2779,300608,思特奇
2780,300609,汇纳科技
2781,300610,晨化股份
2782,300611,美力科技
2783,300612,宣亚国际
2784,300613,富瀚微
2785,300615,欣天科技
2786,300616,尚品宅配
2787,300617,安靠智电
2788,300618,寒锐钴业
2789,300619,金银河
2790,300620,光库科技
2791,300621,维业股份
2792,300622,博士眼镜
2793,300623,捷捷微电
2794,300624,万兴科技
2795,300625,三雄极光
2796,300626,华瑞股份
2797,300627,华测导航
2798,300628,亿联网络
2799,300629,新劲刚
2800,300630,普利制药
2801,300631,久吾高科
2802,300632,光莆股份
2803,300633,开立医疗
2804,300634,彩讯股份
2805,300635,达安股份
2806,300636,同和药业
2807,300637,扬帆新材
2808,300638,广和通
2809,300639,凯普生物
2810,300640,德艺文创
2811,300641,正丹股份
2812,300642,透景生命
2813,300643,万通智控
2814,300644,南京聚隆
2815,300645,正元智慧
2816,300646,侨源气体
2817,300647,超频三
2818,300648,星云股份
2819,300649,杭州园林
2820,300650,太龙照明
2821,300651,金陵体育
2822,300652,雷迪克
2823,300653,正海生物
2824,300654,世纪天鸿
2825,300655,晶瑞股份
2826,300656,民德电子
2827,300657,弘信电子
2828,300658,延江股份
2829,300659,中孚信息
2830,300660,江苏雷利
2831,300661,圣邦股份
2832,300662,科锐国际
2833,300663,科蓝软件
2834,300664,鹏鹞环保
2835,300665,飞鹿股份
2836,300666,江丰电子
2837,300667,必创科技
2838,300668,杰恩设计
2839,300669,沪宁股份
2840,300670,大烨智能
2841,300671,富满电子
2842,300672,国科微
2843,300673,佩蒂股份
2844,300674,宇信科技
2845,300675,建科院
2846,300676,华大基因
2847,300677,英科医疗
2848,300678,中科信息
2849,300679,电连技术
2850,300680,隆盛科技
2851,300681,英搏尔
2852,300682,朗新科技
2853,300683,海特生物
2854,300684,中石科技
2855,300685,艾德生物
2856,300686,智动力
2857,300687,赛意信息
2858,300688,创业黑马
2859,300689,澄天伟业
2860,300690,双一科技
2861,300691,联合光电
2862,300692,中环环保
2863,300693,盛弘股份
2864,300694,蠡湖股份
2865,300695,兆丰股份
2866,300696,爱乐达
2867,300697,电工合金
2868,300698,万马科技
2869,300699,光威复材
2870,300700,岱勒新材
2871,300701,森霸传感
2872,300702,天宇股份
2873,300703,创源文化
2874,300705,九典制药
2875,300706,阿石创
2876,300707,威唐工业
2877,300708,聚灿光电
2878,300709,精研科技
2879,300710,万隆光电
2880,300711,广哈通信
2881,300712,永福股份
2882,300713,英可瑞
2883,300715,凯伦股份
2884,300716,国立科技
2885,300717,华信新材
2886,300718,长盛轴承
2887,300719,安达维尔
2888,300720,海川智能
2889,300721,怡达股份
2890,300722,新余国科
2891,300723,一品红
2892,300724,捷佳伟创
2893,300725,药石科技
2894,300726,宏达电子
2895,300727,润禾材料
2896,300728,天常股份
2897,300729,乐歌股份
2898,300730,科创信息
2899,300731,科创新源
2900,300732,设研院
2901,300733,西菱动力
2902,300735,光弘科技
2903,300736,百邦科技
2904,300737,科顺股份
2905,300738,奥飞数据
2906,300739,明阳电路
2907,300740,御家汇
2908,300741,华宝股份
2909,300742,越博动力
2910,300743,天地数码
2911,300745,欣锐科技
2912,300746,汉嘉设计
2913,300747,锐科激光
2914,300748,金力永磁
2915,300749,顶固集创
2916,300750,宁德时代
2917,300751,迈为股份
2918,300752,隆利科技
2919,300753,爱朋医疗
2920,300755,华致酒行
2921,300756,中山金马
2922,300757,罗博特科
2923,300758,七彩化学
2924,300759,康龙化成
2925,300760,迈瑞医疗
2926,300761,立华股份
